target,text
etc,"졸음운전 일 평균 5.9건…'나들이 많은 봄철, 교통사고 유의해야'. 경찰청은 나들이 차량이 많은 봄철 졸음운전 등 교통사고에 특히 유의해달라고 당부했 다. 2일 오후 서울 여의서로 벚꽃길이 꽃을 감상하는 시민들로 북적이고 있다. 한편, 서울 영등포구는 여의서로의 벚꽃이 이번 주부터 본"
accident,"동부간선도로서 가로등 들이받고 화재…운전자 사망 서울 성동구 동부간선도로에서 차량이 가로등을 들이받고 불이 나 40대 여성 운전자가 숨졌다. 4일  서울 성동소방서에 따르면 이날 오전 3시10분쯤 성동구 동부간선도로 군자교 인근에서 차량 1대가 가로등을 들이받고 화"
accident,"제주도 뺀 전국에 산불 경보 발령…김포·포천·곡성·철원서 산불 제주도를 제외한 전국 각지에 산불 경보가 발령된 14일 곳곳에서 화재가 발생했다. 산림청 중앙산불방지대책본부에 따르면 주말인 이날 오후 3시 30분 현재까지 경기도 김포·포천과 전남 곡성 등 전국 여러 곳에서 산불이"
accident,"횡성 공근면 행정리 마을회관서 불…47분 만에 진화 14일 밤 강원 횡성군의 한 마을회관에서 불이 나, 40여 분 만에 진화됐다. 강원도 소방본부에 따르면 이날 오후 9시35분쯤 횡성군 공근면 행정리의 마을회관에 불이 났다는 신고가 접수됐다. 이에 출동한 소방은 인력"
accident,"충남 보령 남포서 산불 발생…당국 진화 중 14일 충남 보령시 남포면 달산리 산33에서 오후 10시 6분께 산불이 발생해 산림당국이 진화 중이다. 산림당국에 따르면 현재 진화차량 21대, 진화인력 78명을 긴급 투입해 진화에 나섰다. 현재 산불 현장에는 초속"
accident,"전주 중화산동 아파트 지하 창고에서 불.. 주민 30여 명 대피 휴일 저녁 전주의 한 아파트에서 불이 나 주민 30여 명이 대피하는 소동이 벌어졌습니다. 오늘(14일) 저녁 7시 30분쯤 전주시 중화산동의 한 아파트에서 불이 나 20여 분만에 큰 불이 잡혔으나 주민 30여 명이 "
accident,"길바닥 쓰레기 걷어차다 신발 날아가 노인 얼굴 피투성이 경찰, 가해자 추적 중 경찰이 서울 홍대 인근에서 80대 노인에게 신발을 날려 얼굴을 다치게 한 남성 무리를 추적하고 있다. 14일 경찰에 따르면, 서울 마포경찰서는 폭행 혐의로 남성 A씨를 추적하고 있다. A씨는 "
accident,"정성껏 키운 두릅 훔친 여성…양손엔 금반지가 5개 농사를 짓는 부모님이 정성으로 키운 두릅을 훔쳐가려는 도둑을 현장에서 붙잡았다는 사연이 전해졌다. 특히 절도범이 당시 양 손가락에 5개의 금반지를 끼고 있었다는 사실이 알려져 대중의 공분을 샀다. A씨는 최근 온라인"
etc,"약 털어 넣은 그놈...“아는 사람이 더 많다” 약물 성범죄 실태 약물을 이용한 성폭력 범죄가 모르는 사이보다 상대적으로 지인 관계에서 많이 발생한다는 분석이 나왔다. 김중곤 계명대 경찰행정학과 조교수는 최근 학술지 경찰학연구에 2022∼2023년 나온 주도형 약물 이용 성범죄 1"
accident,"때이른 더위에 바다 수영하던 10대들 저체온증 보이다 구조돼 갑자기 더워진 날씨에 바다에 뛰어든 10대들이 저체온증을 보이다 해경에 구조됐다. 울산해경은 14일 오후 3시 울산 동구 방어진 삼섬항 방파제 인근 해상에서 수영객 5명을 발견하고 이 가운데 저체온증과 탈진 증세를 "
accident,"경기 광주 단독주택서 화재…노모·딸부부 등 3명 연기흡입 14일 낮 12시 5분쯤 경기 광주시 중대동의 한 단독주택에서 불이 나 2시간 30여 분 만에 완전히 꺼졌다. 이 불로 해당 단독주택 내부에 있던 60대 여성 A 씨가 대피하는 과정에서 연기를 흡입해 인근 병원으로 "
accident,"'만취운전' 20대, 신호등 들이받고 붙잡혀 제주서부경찰서는 도로교통법 위반(음주운전) 혐의로 20대 A씨를 붙잡아 조사하고 있다고 13일 밝혔다. A씨는 이날 오후 4시 35분께 제주시 노형동의 한 교차로에서 혈중알코올농도가 면허 취소 수치(0.08% 이상)"
accident,"'쾅'…관악구 당곡사거리서 오토바이·승용차 충돌 13일 오후 7시 32분께 서울 관악구 신림동 당곡사거리 앞 왕복 8차로에서 오토바이와 승용차가 부딪히는 사고가 발생했다. 이 사고로 오토바이 운전자가 심정지 상태로 심폐소생술(CPR)을 받으며 인근 병원으로 옮겨진"
etc,"'체액 테러'가 성범죄 아니라고?…유사 판례 분석해 보니 시간이 흐른 뒤에야 비로소 보이는 것들이 있습니다. 매일 새로운 의혹이 제기되고 해명과 반박이 거듭되면서 본질은 사라지고 왜곡된 파편만 남게 됩니다. [리뷰1]은 이슈의 핵심을 한눈에 파악하고 전체를 볼 수 있도록 "
accident,"인천 가방공장 불로 헬기 5대 출동…검은 연기 부천까지 번졌다 인천 가방 보관 창고에서 난 불이 주변 공장으로 번지며 피해가 커지고 있다. 소방당국은 헬기 5대를 투입해 진화 작업을 벌였다. 화재로 인한 검은 연기는 인근 부천시까지 퍼졌다. 1일 인천소방본부에 따르면 이날 오후"
etc,"날 풀리자 늘어나는 어린이 사고… 제일 조심해야 할 것은? , 재해, 중독 등 외부 위험 요인으로 발생하는 모든 신체·정신 건강 문제를 말한다. 서울 종로구 서울대학교병원 소아전문 응급의료센터 앞을 시민이 지나고 있다."
etc,"제주소방, 봄철 등반시 산악사고 주의 당부 제주도 소방안전본부는 한라산 및 오름 등 탐방객이 늘어나는 봄철을 맞아 안전체계를 강화한다."
etc,"봄 나들이 졸음운전 주의…치사율, 음주운전의 2배↑ 높아 주의가 필요합니다.차들로 꽉 막힌 교차로에서 구급대원과 경찰이 사고 수습을 하고 있습니다. 졸음운전 한... 배치하고, 심야시간에 경광등을 켜고 사이렌을 울리는 등 졸음운"
etc,"고흥군 일본뇌염 주의보 예방 고흥군이 전국적인 일본뇌염 주의보 발령에 따른 예방 활동을 강화하고 나섰다. 일본뇌염을 매개하는 '작은 빨간 집 모기'는 논이나 동물축사, 웅덩이에... 각종 비리와 부당대우, 사건사고와 미담 등 모든 얘깃거리를"
etc,"봄나들이 때 졸음운전 주의…경찰은 음주운전 집중단속 야외활동과 함께 술자리도 늘어날 수 있어 음주 사고에도 주의해야 합니다"
etc,"광주시 봄철 산불·등산사고 주의하세요 윤건열 안전정책관은 '작은 부주의가 돌이킬 수 없는 재난과 안전사고를 일으킬 수 있다'며 '등산 시 산불예방과 안전수칙 준수에 적극 동참해주길 바란다'고 말했다"
etc,"회전교차로 사고 증가..강원 비율 높아 보행자에 대한 주의도 필요합니다. '회전 교차로는 신호등이 없습니다. 그렇기 때문에 보행자도 횡단보도가 있으면 먼저 건너려는 성향이 강합니다.... 회전교차로 사고는 정지나 급감속하는 차량으로 인한 추돌사고가"
etc,"취재 시작 1시간 만에 ‘출동’…봄철 산악사고 주의 산행 중 외상을 입었을 땐 등산로에 비치된 구급함을 누구나 이용할 수 있습니다. 등산로의 위치표지판이나 국가지점번호를 기억해두면 사고가 났을 때 보다 신속한 신고와 구조가 가능합니다."
accident,"서초구 고물상서 화재, 3시간 만에 꺼져…6명 대피 서울 서초구 한 고물상에서 불이나 현장에 있던 6명이 대피했다. 23일 소방당국에 따르면 이날 오후 7시15분쯤 서초구 방배동 한 고물상 주거용 및 사무용 컨테이너에서 화재가 발생했다. 불은 3시간10분 만에 완전히"
accident,"단독주택 담벼락이 갑자기 ‘와르르’…“인명피해는 없어” 23일 오전 11시 48분께  한 단독주택 담벼락이 무너지는 사고가 발생했다. 사고는 주택 내 기름보일러 설치를 위해 쌓아놨던 토사가 유출되면서 발생했다. 다행히 당시 주택 내부에는 사람이 없어 인명"
accident,"아파트 공동현관문 돌진한 전기차 택시… 인명피해 없어 한 아파트 단지에서 전기차 택시가 아파트 1층 현관으로 돌진했다. 이 사고로 아파트 공동현관문 유리가 파손됐으나, 다행히 사고 당시 지나는 입주민이 없어 인명피해는 발"
etc,"‘묻지마 범죄’ 재범 적지 않아 … 교정·복지 종합대책 필요  지난해 8월 한 노상에서 일면식도 없는 10대 여성을 뒤따라가며 '죽을래, 맞을래' 등의 발언을 하고 때릴 듯이 위협했다."
accident,"서현역서 한남 찌르겠다" 글 올린 30대女 흉기 난동 사건이 발생한 경기도 성남시 분당구 서현역에서 수십명의 남성들을 흉기로 찌르겠다는 내용의 글을 게시한 여성 "
etc,"흉기난동 범죄 발생시 재난문자 발송한다 앞으로 흉기난동 범죄 발생시 신속하게 재난문자가 발송될 전망이다. 행정안전부는 최근 서울 신림역과 경기 성남시 서현역에서 발생한 흉기 난동 범죄에 대해 경찰청, 지방자치단체와 함께 적극 대응하기로 했다고 9일 밝혔다"
etc,"계속되는 살인 예고…협박죄 처벌은 글쎄 서울 신림동 번화가에서 흉기 난동 사건이 벌어진 이후 온라인 커뮤니티 곳곳에서 살인을 예고하는 게시물이 잇따라 올라오고 있다. 이를 놓고 시민 불안이 가중되는 만큼 사이버 테러 위협으로 보고 처벌 수위를 높여야 한다"
etc,"졸음운전 일평균 5.9건, 봄철 나들이로 교통사고 주의 경찰청은 봄철 나들이 차량 증가로 졸음운전 등 교통사고에 특별히 주의를 요청합니다. 서울 여의서로에서 벚꽃 감상 중인 시민들로 붐볐습니다."
accident,"서울 성동구 동부간선도로 화재, 운전자 사망 동부간선도로에서 차량이 가로등을 들이받아 화재가 발생했습니다. 40대 여성 운전자가 사망했습니다."
etc,"산림안전, 봄철 등산사고 예방 중요합니다. 제주도 소방안전본부는 한라산 및 오름 등 봄철 등산객 증가에 대비하여 안전 대책을 강화하고 있습니다."
accident,"서울 서초구 고물상 화재로 6명 대피 서초구 방배동 고물상 주거용 및 사무용 컨테이너에서 화재가 발생하여 6명이 대피했습니다."
etc,"봄철 어린이 사고 주의! 서울 종로구 서울대학교병원 소아전문 응급의료센터 앞에서 어린이 사고가 늘어나고 있습니다."
accident,"장마로 인한 쓰나미 경보 발령! 제천시에서 쓰나미 경보가 발령되어 주민들의 대피가 필요합니다. 안전한 장소로 이동하세요."
etc,"태풍으로 인한 해안 침수 우려! 제주도와 남해안 지역에서는 태풍으로 인한 해안 침수가 우려됩니다. 주변 해안지역에 계신 분들은 주의하세요."
accident,"비로 인한 도로 침수로 교통사고 발생! 강수량 증가로 인한 도로 침수로 인해 서울 강남구에서 교통사고 발생하였습니다."
etc,"태풍으로 인한 풍량 증가, 주의하세요! 경기도 일부 지역에서는 태풍으로 인한 풍량 증가로 인한 피해가 발생하고 있습니다. 안전한 장소로 대피하세요."
accident,"비로 인한 산사태 발생! 비로 인한 산사태가 경남 양산시에서 발생하여 주변 주민들명 중상."
etc,"장마로 인한 도로 침수로 교통혼잡 발생! 서울 지역에서는 장마로 인한 도로 침수로 교통혼잡이 발생하고 있습니다. 안전운전하세요."
accident,"태풍으로 인한 가로수 추락 사고 발생! 부산 해운대구에서 태풍으로 인한 가로수가 추락하여 차량 피해가 발생하였습니다."
accident,"장마로 인한 지반 붕괴로 인명피해 발생! 경기도 화성시에서 장마로 인한 지반 붕괴로 인명피해가 발생하였습니다."
accident,"태풍으로 인한 항구 시설물 파손 사고 발생! 인천 항구에서 태풍으로 인한 항구 시설물 파손 사고가 발생하였습니다."
accident,"장마로 인한 침수로 인명피해 발생! 충남 당진시에서 장마로 인한 침수로 인명피해가 발생하였습니다."
etc,"장마철 주행 시 교통사고 예방 요령! 장마철에는 도로가 습기로 인해 미끄러운 상황이 발생할 수 있으니 안전운전에 유의하세요."
etc,"비가 내리는 날 안전운전 팁! 비가 내리는 날에는 미끄럼 방지를 위해 차량 속도를 줄이고 안전거리를 유지하세요."
etc,"태풍 대비 안전수칙! 태풍이 예상되는 날에는 외출을 자제하고, 물품을 고정시키고 창문을 닫아주세요."
etc,"비 올 때의 안전한 운전 습관! 비가 오는 날에는 브레이크 및 가속을 부드럽게 조작하고, 빗길 주행 시 차량 간격을 넓혀주세요."
etc,"장마철 안전 운전을 위한 준비물! 장마철에는 우산, 비방수복, 비상등 등을 차량 내에 항상 준비해두세요."
etc,"태풍으로 인한 피해를 예방하는 방법! 태풍이 예상되는 날에는 창문과 문을 닫고 외출을 자제하고, 비상용품을 준비하세요."
etc,"비올 때 안전하게 걷는 방법! 우산이나 방수복을 준비하고, 미끄럼 방지를 위해 조심스럽게 보행하세요."
etc,"장마철 안전 운전 팁! 미끄러운 도로 조심하고 급가속, 급제동을 피하세요. 안전띠를 착용하고 안전거리를 유지하세요."
etc,"태풍에 대비한 안전한 대피 준비물! 태풍이 예상되는 날에는 음식물과 생활필수품을 비치하고 안전한 장소로 대피하세요."
etc,"비 올 때 안전한 주행을 위한 조언! 비가 내리는 날에는 가속 및 감속을 조심하고, 미끄러운 도로에서는 브레이크를 부드럽게 밟으세요."
accident,"밤늦게 걷고 있던 여성, 묻지마 폭행 당해 사망… 가해자 도주 중 경찰 추적중입니다."
accident,"고속도로 휴게소서 묻지마 폭행 사건 발생! 피해자 심각한 부상 입고 응급실로 이송 중입니다."
accident,"주말 야외 공연장에서 묻지마 폭행 사건 발생! 경찰이 가해자를 수사 중입니다."
accident,"대도시 지하철에서 묻지마 폭행 사건 발생! 피해자가 신고를 통해 가해자를 식별 중입니다."
accident,"밤길에 걷던 남성, 묻지마 폭행에 의해 경미한 부상을 입었습니다."
accident,"술집 앞에서 묻지마 폭행에 희생된 시민, 현장에 경찰이 출동 중입니다."
accident,"상가 주차장에서 묻지마 폭행으로 부상 입은 시민, 병원으로 이송 중입니다."
accident,"산책로에서 묻지마 폭행 당해 인명 피해가 발생했습니다. 경찰이 수사 중입니다."
accident,"밤길에 혼자 걷던 여성, 묻지마 폭행 사건에 희생되었습니다. 가해자는 경찰에 의해 수배 중입니다."
accident,"밤늦게 동네 공원에서 묻지마 폭행에 피해를 입은 시민, 현장에 구조대가 출동 중입니다."
etc,"지마 폭행 예방을 위한 안전한 외출 팁! 외출 시에는 혼자가 아닌 친구나 가족과 함께 다니세요."
etc,"야간에는 혼자 다니지 말고, 주변에 밝은 곳이나 사람이 많은 곳을 선택하여 다니세요."
etc,"외출 시에는 귀중품을 최소화하고, 돈이나 카드 등은 잘 감추어 다니세요."
etc,"타인의 도움을 받을 때는 주의하고, 귀가 시에는 안전한 길로 선택하여 이동하세요."
etc,"야간에는 혼자 다니지 말고, 사람들이 많은 곳을 선택하여 다니세요."
etc,"타인의 도움을 받을 때는 신중하게 선택하세요. 묻지마 폭행 사건에 휘말리지 않도록 주의하세요."
etc,"귀가 시에는 안전한 길을 통해 이동하고, 위급한 상황 시에는 주변을 도와주는 사람에게 도움을 요청하세요."
accident,"밤늦게 걷고 있던 남성이 골목에서 무장한 폭력단체에 습격당해 심각한 상처를 입었습니다. 가해자들은 경찰에 의해 체포되었습니다."
accident,"주택가에서 부부 간의 폭력사건이 발생했습니다. 피해자는 응급실로 이송되었고, 경찰이 가해자를 수사 중입니다."
accident,"공원에서 아이들이 놀던 중에 폭행 사건이 발생했습니다. 가해자는 도주 중이며 경찰이 추적 중입니다."
accident,"상가 거리에서 다툼으로 인한 폭행사건이 발생했습니다. 경찰이 가해자를 신속히 검거 중입니다."
accident,"술집에서 다툼으로 인한 대규모 폭행 사건 발생! 다수의 부상자가 발생하였으며, 경찰이 사건을 조사 중입니다."
accident,"밤길에 혼자 걷던 여성이 폭행으로 심각한 부상을 입었습니다. 가해자는 경찰에 의해 체포되었습니다."
accident,"대중교통 이용 중에 갈등으로 인한 폭행 사건이 발생했습니다. 경찰이 CCTV를 통해 가해자를 수사 중입니다."
accident,"주차장에서 다툼으로 인한 폭행으로 희생된 시민이 발생했습니다. 경찰이 가해자를 수사 중입니다."
accident,"밤늦게 걸어가던 골목에서 폭행으로 인한 부상자가 발생했습니다. 경찰이 가해자를 추적 중입니다."
accident,"아파트 단지에서 인근 주민들 사이에서 폭행 사건이 발생하여 주민들이 불안해하고 있습니다. 경찰이 사건을 조사 중입니다."
etc,"외출 시에는 혼자 다니지 말고, 친구나 가족과 함께 다니세요. 모르는 사람에게는 신뢰할 수 없는 도움을 받지 마세요."
etc,"야간에는 혼자 다니지 말고, 밝은 곳이나 사람이 많은 곳을 선택하여 다니세요. 긴급 상황 시에는 주변 사람들에게 도움을 요청하세요."
etc,"외출 시에는 귀중품을 최소화하고, 주변 상황을 주의 깊게 살펴보세요. 이상한 사람에게는 가까이 가지 마세요."
etc,"다급한 상황에서도 주변에 도움을 요청하세요. 이상한 사람에게는 가까이 가지 마세요."
etc,"타인의 도움을 받을 때는 주의하고, 신뢰할 수 있는 사람에게만 도움을 요청하세요."
accident,"공원에서 산책 중인 가족이 갑작스러운 낙뢰로 인해 심각한 부상을 입었습니다. 응급 구조대가 현장에 출동하여 치료를 시작했습니다."
accident,"골프장에서 골퍼들이 경기를 벌이던 중 갑작스러운 낙뢰가 발생하여 다수의 부상자가 발생했습니다. 구조 대원들이 부상자들을 구조하고 있습니다."
accident,"해변에서 바다에서 수영하던 사람들이 낙뢰로 인해 응급실로 옮겨졌습니다. 구조 대원들이 추가적인 구조 작업을 진행하고 있습니다."
accident,"산악 등산 중이던 등산객들이 갑작스러운 낙뢰로 인해 잃어버린 산악 등반로에서 도와주고 있는 중입니다."
accident,"시내 곳곳에서 걷고 있던 사람들이 낙뢰로 인한 공포에 직면했습니다. 구조 대원들이 응급 상황을 처리하고 있습니다."
accident,"주택가에서 작은 아이가 낙뢰에 맞아 응급실로 이송되었습니다. 현재 의료진이 아이를 치료 중입니다."
accident,"공원에서 피크닉을 즐기던 가족이 낙뢰로 인해 분리된 상태입니다. 구조 대원들이 가족을 모으고 있습니다."
accident,"고산지대에서 등산 중이던 등산객들이 갑작스러운 낙뢰로 인해 분산되어 있습니다. 구조 대원들이 등산객들을 안전한 장소로 이송 중입니다."
accident,"농장에서 일하는 농부들이 낙뢰에 맞아 응급 상황입니다. 응급 의료진이 현장으로 투입되어 있습니다."
accident,"고속도로 주변에서 운전 중이던 차량이 낙뢰로 인해 사고를 당했습니다. 구조 대원들이 사고 현장으로 향하고 있습니다."
etc,"낙뢰가 예상되는 날씨에는 야외 활동을 자제하세요. 안전한 실내로 이동하세요."
etc,"낙뢰가 예상되는 지역에서는 농장이나 공원 등을 피하고 안전한 실내 활동을 권장합니다."
etc,"낙뢰가 발생할 가능성이 있는 지역에서는 농장이나 골프장 등 오픈된 공간을 피하고 실내로 대피하세요."
etc,"낙뢰가 예상되는 지역에서는 산악 등반이나 등산을 자제하고 안전한 실내 활동을 추천합니다."
etc,"낙뢰가 예상되는 날씨에는 가능한 실내 활동을 하고, 외출 시에는 비상용 우산을 준비하세요."
etc,"낙뢰가 예상되는 지역에서는 가능한 외출을 자제하고, 집에서 안전하게 보내세요."
etc,"낙뢰가 예상되는 날씨에는 야외 활동을 자제하고, 주변 환경을 주의 깊게 관찰하세요."
etc,"낙뢰가 예상되는 지역에서는 가급적 야외 활동을 삼가고, 비상용 전화나 라디오를 통해 날씨 소식을 확인하세요."
etc,"낙뢰가 예상되는 지역에서는 가능한 한 농장이나 산악 등반을 자제하고, 실내에서 안전하게 보내세요."
etc,"낙뢰가 발생할 가능성이 높은 지역에서는 가급적 외출을 자제하고, 안전한 실내 활동을 추천합니다."
accident,"도심 아파트에서 갑작스러운 지진으로 건물이 흔들리자 주민들이 비명을 지르고 대피했습니다. 일부 건물에서는 벽돌이 무너져 다수의 부상자가 발생했습니다."
accident,"지진으로 인해 산악지대에서 등산 중이던 등산객들이 붕괴된 바위와 함께 급격히 떨어지면서 다쳤습니다. 구조대가 현장으로 투입되어 부상자를 구조하고 있습니다."
accident,"해변에서 바다를 즐기던 사람들이 갑작스러운 지진으로 인해 파도에 휩쓸려 사고가 발생했습니다. 해경이 구조 작업을 진행 중입니다."
accident,"도심 지역에서 건설 중이던 고층 빌딩이 갑작스러운 지진으로 인해 붕괴되었습니다. 건설현장에서 작업 중인 노동자들이 대피하려 하고 있습니다."
accident,"지진으로 인해 고속도로에서 주행 중이던 차량들이 사고를 당했습니다. 현장에서 응급 구조대가 부상자들을 치료하고 있습니다."
accident,"공원에서 피크닉을 즐기던 가족들이 지진으로 인해 주변에 떨어지는 나무와 잔해 때문에 대피하고 있습니다."
accident,"지진으로 인해 쇼핑몰 내에서 쇼핑을 하던 손님들이 혼란에 빠졌습니다. 경비원들이 손님들을 안전한 장소로 이동시키고 있습니다."
accident,"골프장에서 경기 중이던 골퍼들이 갑작스러운 지진으로 인해 공격적인 동물들의 침입을 당했습니다. 경찰이 추가적인 보안 조치를 취하고 있습니다."
accident,"지진으로 인해 도심에서 건물이 붕괴되었습니다. 구조 대원들이 붕괴된 건물에서 생존자를 찾고 있습니다."
accident,"지진으로 인해 시내 곳곳에서 전기 시설이 손상되어 전력이 차단되었습니다. 전문가들이 복구 작업을 진행 중입니다."
etc,지진이 예상되는 지역에 사는 사람들은 지진 대피 계획을 준비하고 가족들과 함께 합의하세요."
etc,"지진 대비를 위해 실내에서 사용 가능한 비상품을 준비하세요. 음식물, 물, 의약품 등을 보관해야 합니다."
etc,"지진 대비를 위해 주변의 안전한 구조물을 인지하고, 지진 대피 계획을 만들어 가족과 함께 연습하세요."
etc,"지진이 발생할 경우에는 유리창이나 큰 가구 아래로 몸을 숨기세요. 또한 가까이 있는 건물이나 구조물에서 멀어지세요."
etc,"지진이 발생하면 빠른 대피를 위해 대피로를 미리 알아두세요. 가능한한 엘리베이터를 이용하지 마세요."
etc,"지진 발생 시 무리를 이루지 않고 평온하게 대피하도록 가이드하며, 낙상하거나 파열된 유리가 부상을 일으키지 않도록 조심하세요."
etc,"지진이 예상되는 지역에 거주하는 경우, 안전한 장소로 대피할 수 있는 계획을 만들어 두세요. 가족들과 연락 수단을 미리 정하고 통신 장비를 확인하세요."
etc,"지진 예방을 위해 건축 규제를 준수하고 안전한 건물을 사용하세요. 지진으로부터 안전한 건물을 선별하는 것이 중요합니다."
etc,"지진 발생 시 외출을 삼가고 안전한 장소로 대피하세요. 특히 주변의 위험한 건물이나 구조물에서 멀리 떨어지세요."
etc,"지진 예방을 위해 비상용품을 준비하고 가정 내의 가스, 전기, 수도 등을 안전하게 확인하세요. 필요한 경우에는 전문가의 도움을 받으세요."
accident,"태풍으로 인한 강력한 바람으로 고층 건물의 창문이 깨지면서 유리 조각이 아래로 떨어져 통행인들에게 부상을 입힌 사고가 발생했습니다. 구조대가 부상자를 신속히 구조 중입니다."
accident,"한 강변에서 캠핑을 즐기던 가족들이 폭우로 인해 물에 잠겨 있던 캠프장에서 구조되었습니다. 소방관들이 가족들을 안전한 장소로 이송 중입니다."
accident,"산악지대에서 등산 중인 인원들이 갑작스러운 대형 산사태로 인해 피해를 입었습니다. 구조 작업이 진행 중이며 부상자들을 안전한 곳으로 이송 중입니다."
accident,"도심에서 열린 야구 경기장에서 강한 장대비로 인해 스탠드 부분이 붕괴되어 수많은 관중들이 다쳤습니다. 구조대가 부상자를 치료하기 위해 현장에 출동하고 있습니다."
accident,"지하철 역에서 출구로 나오던 시민들이 갑작스러운 지진으로 인해 발생한 구조물 붕괴로 인해 갇혀있습니다. 구조대가 신속히 대응 중입니다."
accident,"장마로 인해 하천이 범람하여 주택가가 침수되면서 대피 중인 시민들이 헬기 구조대의 도움을 기다리고 있습니다."
accident,"폭풍우로 인한 트리거 식물사고가 발생해 도심 일대가 큰 혼란에 빠졌습니다. 응급 구조대가 부상자를 치료하기 위해 동원되었습니다."
accident,"한강에서 선상 파티를 즐기던 사람들이 돌풍과 강한 우중충한 비로 인해 선박이 전복되는 사고가 발생했습니다. 구조대가 신속한 구조 작업을 위해 출동 중입니다."
accident,"대규모 불이 난 산지에서 소방대원들이 산불을 진압하던 중 갑작스러운 산사태로 인해 구조작업에 참여하던 인원들이 사망하고 부상한 사고가 발생했습니다."
accident,"도심 교차로에서 교통사고가 발생해 버스와 승용차가 충돌하면서 여러 명이 다쳤습니다. 응급 구조대가 부상자를 치료하기 위해 현장에 출동 중입니다."
etc,"재난 예방을 위해 가정 내 비상품을 준비하세요. 물과 음식물, 의약품 등이 필수입니다."
etc,"재난 발생 시 안전한 대피로를 미리 파악하고 가족과 함께 연습해보세요. 긴급 상황에서 신속한 행동이 중요합니다."
etc,"재난 대비를 위해 응급 연락망을 설정하고 긴급 상황 시 가족과 연락할 수 있는 방법을 항상 확인하세요."
etc,"재난 상황에서는 패닉하지 말고 주변 상황을 평가하고 안전한 장소로 이동하세요. 차분함이 생존을 결정짓는 중요한 요소입니다."
etc,"재난 대비를 위해 비상용품을 갖추고 비상가방을 준비하세요. 필요한 물품을 미리 포장하여 보관해두면 유용합니다."
etc,"재난 발생 시 가정 내 화재와 가스 차단장치를 숙지하고, 화재 대피로와 비상구를 인지해두세요."
etc,"재난 상황에서는 도움을 요청할 수 있는 긴급 연락처를 기억하고 있어야 합니다. 필요한 경우 신속하게 도움을 요청하세요."
etc,"재난 예방을 위해 생활 속에서 안전한 습관을 기르고, 가정 내의 위험 요소를 최소화하세요."
etc,"재난 발생 시 주변 환경을 주의 깊게 살피고, 위험 요소를 파악하고 대비하세요. 조용하고 냉정한 판단이 필요합니다."
etc,"재난 대비를 위해 가족과 함께 대피 계획을 세우고 비상 연락망을 확립하세요. 함께 협력하여 생존할 수 있도록 준비하세요."
accident,"갑작스러운 폭우로 인해 도로가 침수되어 차량이 미끄러져 사고가 발생했습니다. 응급 구조대가 부상자를 치료하고 침수된 차량을 구조 중입니다."
accident,"호우로 인해 산사태가 발생하여 주택가가 토사에 묻혀 2명이 실종되고 5명이 다쳤습니다. 구조대가 실종자를 수색하고 부상자를 치료 중입니다."
accident,"강한 바람과 비로 인해 건물 옥상에서 작업 중이던 작업자가 추락해 사망하는 사고가 발생했습니다. 사망자의 유족을 위해 조사가 진행 중입니다."
accident,"호우로 인해 하천이 범람하여 주변 도로가 침수되어 차량이 침수되고 통행이 차단되었습니다. 구조대가 침수 차량을 제거하고 통행로를 정비 중입니다."
accident,"폭우로 인해 하천에서 낚시를 즐기던 사람들이 갑작스러운 홍수에 휩쓸려 실종되었습니다. 구조대가 실종자 수색 작업을 진행 중입니다."
accident,"도로 침수로 인해 차량이 미끄러져 도로 밖으로 이탈하는 사고가 발생하여 교통 혼잡이 심각합니다. 응급 서비스가 사고 현장에 출동 중입니다."
accident,"장대비로 인해 차량 사이에서 갑작스러운 미관정지로 연쇄 추돌 사고가 발생했습니다. 응급 구조대가 부상자를 치료 중이며 교통 통제가 이루어지고 있습니다."
accident,"비로 인해 창문 유리가 깨져 내리면서 행인들이 다쳤습니다. 응급 서비스가 부상자를 치료 중이며 유리 조각을 정리하는 작업이 진행 중입니다."
accident,"강한 바람과 비로 인해 건물 지붕이 붕괴되어 인근 건물에 피해가 발생했습니다. 구조대가 피해를 조사하고 안전 조치를 취하고 있습니다."
accident,"호우로 인해 하천둑이 붕괴되어 인근 주택이 침수되는 사고가 발생했습니다. 구조대가 주택 주변을 터뜨리고 피난민들을 대피시키고 있습니다."
etc,"비가 오는 날에는 외출 시 우산과 방수용품을 지참하고, 미끄럼 방지용 신발을 신어 안전에 유의하세요."
etc,"장마철에는 지하실이 침수될 수 있으므로 소중한 물건은 높은 곳에 보관하고 침수 피해를 최소화하세요."
etc,"비가 오는 날에는 운전 시 안전 운전에 특히 유의하세요. 미끄러운 도로로 인한 교통사고를 예방하기 위해 속도를 줄이고 안전거리를 유지하세요."
etc,"비가 오는 날은 지나치게 미끄러운 길이 많으므로 보행 시 넓은 보도를 통해 안전하게 이동하세요."
etc,"비가 예상되는 날에는 외출 시 비상용품을 가방에 넣고 비상 연락처를 기억하세요. 긴급 상황에 대비하여 사전에 준비하세요."
etc,"비가 오는 날은 미끄러운 길뿐만 아니라 지나치게 습기가 높은 환경에서도 안전사고가 발생할 수 있으니 주의가 필요합니다."
etc,"비가 오는 날은 차량 내부가 습기로 인해 시야가 불편할 수 있으므로, 유리창을 깨끗이 닦고 속도를 줄여 운전하세요."
etc,"장마철에는 지하실이 침수될 수 있으니 중요한 물건은 높은 곳에 보관하고 침수 피해를 최소화하는 대비책을 갖추세요."
etc,"비가 내리는 날에는 출퇴근 시 교통 혼잡과 사고가 늘어나므로 출발 시간을 조정하고 안전 운전에 만전을 기해주세요."
etc,"비가 오는 날에는 차량 운전 시 주변 환경을 더욱 주의 깊게 살피고, 미끄럼 방지용 시트를 사용하여 안전 운전에 도움을 받으세요."
accident,"폭우로 인한 산사태로 경기도 일대에 큰 피해가 발생했습니다. 주택과 도로가 토사에 묻히며 인명 피해와 재산 피해가 발생했습니다. 구조대가 실종자 수색과 피해 복구 작업에 투입되었습니다."
accident,"호우로 인한 하천 범람으로 인해 강릉시 일대에서 대규모 침수 피해가 발생했습니다. 주택과 상가가 물에 잠겨 수십 가구가 긴급 대피를 했습니다. 구조대와 화재 진압대가 피해 구조와 복구 작업에 투입되었습니다."
accident,"갑작스러운 폭우로 대구에서 차량이 급발진해 보행자를 들이받는 사고가 발생했습니다. 보행자 2명이 중상을 입었으며 응급실로 옮겨져 치료 중입니다. 경찰이 사고 원인을 조사하고 있습니다."
accident,"장대비로 전남에서 승용차가 도로를 이탈해 사고를 일으켰습니다. 차량 운전자가 중상을 입었으며 응급실로 이송되었습니다. 현장에서 교통 혼잡이 발생하고 있습니다."
accident,"폭우로 인해 전북 일대에서 논에 빠진 차량이 있어 응급 구조대가 출동했습니다. 운전자는 다행히 무사히 구조되었으며, 차량은 물에 잠겨 버려 침수 피해가 발생했습니다."
accident,"갑작스러운 호우로 충북에서 가로수가 쓰러져 차량과 보행자에게 피해가 발생했습니다. 보행자가 경미한 부상을 입었으며 응급실에서 치료를 받고 있습니다."
accident,"강한 비바람으로 대전 지역에서 소방차가 운전 중 길을 잃어 추돌사고가 발생했습니다. 운전사가 경미한 부상을 입었으며 사고 현장에서 교통 정리 작업이 이루어지고 있습니다."
accident,"호우로 인한 강원 지역의 산간 도로에서 승용차가 도로 밖으로 떨어져 추락하는 사고가 발생했습니다. 운전자가 경미한 부상을 입었으며 응급실로 옮겨져 치료 중입니다."
accident,"갑작스러운 호우로 부산에서 건물 옥상에서 작업 중인 작업자가 추락해 사망하는 사고가 발생했습니다. 사망자의 유족을 위해 경찰이 사고 원인을 조사 중입니다."
accident,"폭우로 전남 일대에서 산사태가 발생하여 주택과 도로가 토사에 묻혀 큰 피해가 발생했습니다. 구조대가 실종자 수색과 피해 복구 작업에 힘을 모으고 있습니다."
etc,"장마철에는 지나치게 미끄러운 길과 침수된 도로로 인한 교통사고가 발생할 수 있으니 외출 시 안전 운전 및 보행에 유의해주세요."
etc,"호우로 인한 침수 피해를 예방하기 위해 주변 하천이나 저지대에 위치한 주택은 침수 위험성을 고려하여 적절한 대비를 해주세요."
etc,"장마철에는 우산과 방수용품을 항시 지참하고, 침수 피해가 우려되는 지역에 거주하는 경우 이재발 방지를 위한 대비책을 마련하세요."
etc,"갑작스러운 호우로 인한 산사태나 침수 피해를 최소화하기 위해 기상 정보를 주의 깊게 확인하고, 비가 예상되는 날에는 외출을 최소화하세요."
etc,"호우로 인한 침수 피해를 예방하기 위해 배수구를 청소하고, 비가 오는 날에는 차량을 안전한 곳에 주차하는 등의 조치를 취해주세요."
etc,"장마철에는 미끄럼 방지용 신발을 신고 외출하고, 건물 주변에 있는 나무나 가로수가 넘어지지 않도록 주의하세요."
etc,"폭우로 인한 교통 혼잡을 피하기 위해 출퇴근 시간을 조절하거나 대중교통을 이용하는 등의 대안을 고려해보세요."
etc,"갑작스러운 호우로 인한 교통사고를 예방하기 위해 차량 내부와 외부의 시야를 확보하고 안전운전에 만전을 기해주세요."
etc,"호우로 인한 침수 피해를 최소화하기 위해 지하실이나 저지대에 보관된 물건을 높은 곳으로 옮기고, 배수 시설을 점검해주세요."
etc,"장마철에는 침수 피해를 방지하기 위해 급류가 예상되는 지역을 피하고, 비가 많이 오는 지역은 주택 내부에 방수 시설을 설치하는 등의 대비를 해주세요."
etc,"장마시즌은 시야확보가 어려우니 사고에 주의하셔야합니다."
etc,""왜 용돈 안줘?"…다투다 어머니 흉기로 찌른 20대의 최후 용돈을 주지 않는다는 이유로 말다툼하다 어머니를 흉기로 찌른 20대가 징역 7년을 선고받았다. 17일 법조계에 따르면 서울북부지법 형사합의13부 이태웅 부장판사는 전날존속살인미수 혐의로 재판에 넘겨진 김모(25)씨에게 징역 7년을 선고하고 보호관찰 5년을 명령했다."
etc,"'15개월 딸 김치통 유기' 친모 징역 8년6개월 영아 방치 사망… 시신도 은닉 사망신고 않고 양육수당 챙겨 대법, 형량 1년 늘린 원심 확정 생후 15개월 된 딸을 방치해 사망하게 하고 시신을 2년 넘게 김치통에 유기한 친모가 징역 8년6개월을 확정받았다. 대법원 1부(주심 서경환 대법관)는 16일 아동학대처벌법상 아동 학대 치사, 사체 은닉, 사회보장급여법 위반 혐의로 기소된 서모(37)씨의 상고를 기각하고 원심 판결을 확정했다."
etc,"기가車 2차선으로 좌회전하는 차량이 '쾅'…과실 비율은? 2차선으로 곧장 좌회전 한 차량과 교통사고가 났다는 한 차주의 사연이 알려졌다. 운전자 A씨는 지난달 21일 오후 2시 46분쯤 편도 2차선 도로를 주행 중이었다. 당시 A씨는 2차선에서 차량을 운행하고 있었고, 전방에는 신호등 없는 교차로가 있었다."
etc,"휴대폰 거꾸로 잡고 여학생 '졸졸'…끈질긴 탐문 끝 몰카범 잡았다 휴대전화로 여학생 등을 불법 촬영한 40대가 경찰의 끈질긴 탐문으로 결국 붙잡혔다. 16일 경찰에 따르면 경기북부경찰청 범죄예방대응과 기동순찰2대 소속 신민혁 경장은 지난 9일 고양시 덕양구에서 차를 몰고 출근하다 한 남성이 휴대전화를 거꾸로 잡고 여학생들을 뒤따라가는 장면을 목격했다."
etc,"도로위의 무법자 자전거·킥보드…교통사고 속출 인도 위 빠르게 질주하고 역주행도 일삼아 강원 자전거·M 사고 3분의 1 봄철 집중 강릉서 자전거 사고로 60대 부상입기도 "도로교통법과 안전수칙 필히 준수해야" 16일 춘천시 퇴계동. 한 자전거 운전자가 핸들 양쪽에 장바구니와 쇼핑백을 걸어 놓은 채 비틀비틀대며 인도를 달리고 있었다. 그러던 중 건너편 골목으로 향하기 위해 반대편 차선에서 50m 가량을 역주행을 하다가 SUV와 충돌할 뻔했다."
accident,"부천 아파트 지하 화재‥화물차 추돌 잇따라 어젯밤 경기 부천시의 한 아파트 지하에서 불이나 주민 50여 명이 대피했습니다. 충남 천안시 경부고속도로에선 두 시간 간격으로 잇따라 화물차 추돌사고가 났습니다. 백승우 기자입니다.희뿌연 연기가 아파트 외벽을 타고 하늘로 치솟습니다. 소방차와 경찰차가 출동해있고 주민 수십여 명은 집 밖으로 나와 있습니다."
accident,"강원서 크고 작은 교통사고 잇따라…5명 중경상 강원지역서 크고 작은 교통사고가 잇따라 5명이 다쳤다. 16일  경찰과 소방 당국에 따르면 이날 오전 10시 7분께 강릉시 연곡면 영진리 북부노인종합복지관 앞 도로에서 4륜 오토바이가 전도됐다. 이 사고로 탑승자 70대 남녀가 골절되는 등 중상을 입고 인근 병원으로 이송돼 차료를 받고 있다."
accident,"의왕~당정역 구간 인명사고…전철 1호선 운행 차질, 경위 조사중 15일 오전 전철 1호선 의왕역~당정역 사이에서 인명사고가 발생했다. 이 사고로 현재 상행 전동열차의 운행에 차질이 빚어졌다. 철도당국은 사고를 수숩하는 한편 자세한 사고 경위를 조사 중이다."
accident,"속보대전역 KTX 열차 지연, 선로서 20대 남성 사망 사고 8일 오후 8시쯤 KTX열차가 대전역에 진입하던 중 선로 중앙에 서 있던 A씨와 부딪혀 A씨가 사망하는 사고가 발생하면서다. 오후 5시 37분 진주에서 서울로 향하던 이 열차에는 사고 당시 승객 393명이 탑승했던 것으로 알려졌다. 한국철도공사는 열차 ..."
accident,"속보공주 약산 인근서 산불 발생, 등산객 주의 당부 산불 (사진출처=산림청) 공주 산불 사고가 발생했다. 13일 공주시에 따르면 이날 오후 12시 35분쯤 공주시 사곡면 화월리 산52-1 인근에 불이 났다. 이에 시는 안전 안내 문자를 통해 입산 금지를 당부하고 나섰다. 이어 "인근 주민과 등산객은 안전사고에 주의 ..."